,Rank (Borda),Model,Zero-shot,Memory Usage (MB),Number of Parameters (B),Embedding Dimensions,Max Tokens,Mean (Task),Mean (TaskType),Bitext Mining,Classification,Clustering,Instruction Reranking,Multilabel Classification,Pair Classification,Reranking,Retrieval,STS
0,1,[KaLM-Embedding-Gemma3-12B-2511](https://kalm-embedding.github.io/),73%,44884.0,11.76,3840.0,32768.0,72.32,62.51,83.76,77.88,55.77,5.49,33.03,84.73,67.27,75.66,79.02
1,2,[llama-embed-nemotron-8b](https://huggingface.co/nvidia/llama-embed-nemotron-8b),99%,28629.0,7.505,4096.0,32768.0,69.46,61.09,81.72,73.21,54.35,10.82,29.86,83.97,67.78,68.69,79.41
2,3,[Qwen3-Embedding-8B](https://huggingface.co/Qwen/Qwen3-Embedding-8B),99%,14433.0,7.567,4096.0,32768.0,70.58,61.69,80.89,74.0,57.65,10.06,28.66,86.4,65.63,70.88,81.08
3,4,[gemini-embedding-001](https://ai.google.dev/gemini-api/docs/embeddings),99%,,,3072.0,2048.0,68.37,59.59,79.28,71.82,54.59,5.18,29.16,83.63,65.58,67.71,79.4
4,5,[Qwen3-Embedding-4B](https://huggingface.co/Qwen/Qwen3-Embedding-4B),99%,7671.0,4.022,2560.0,32768.0,69.45,60.86,79.36,72.33,57.15,11.56,26.77,85.05,65.08,69.6,80.86
5,6,[Seed1.6-embedding-1215](https://console.volcengine.com/ark/region:ark+cn-beijing/model/detail?Id=doubao-embedding-vision),89%,,,2048.0,32768.0,70.26,61.34,78.68,76.75,56.78,-0.02,46.16,85.5,66.24,66.05,75.92
6,7,[Octen-Embedding-8B](https://huggingface.co/bflhc/Octen-Embedding-8B),99%,14433.0,7.567,4096.0,32768.0,,60.18,80.35,66.68,55.68,8.9,25.23,85.12,67.64,70.77,81.27
7,8,[Qwen3-Embedding-0.6B](https://huggingface.co/Qwen/Qwen3-Embedding-0.6B),99%,1136.0,0.596,1024.0,32768.0,64.34,56.01,72.23,66.83,52.33,5.09,24.59,80.83,61.41,64.65,76.17
8,9,[gte-Qwen2-7B-instruct](https://huggingface.co/Alibaba-NLP/gte-Qwen2-7B-instruct),⚠️ NA,29040.0,7.069,3584.0,32768.0,62.51,55.93,73.92,61.55,52.77,4.94,25.48,85.13,65.55,60.08,73.98
9,10,[multilingual-e5-large-instruct](https://huggingface.co/intfloat/multilingual-e5-large-instruct),99%,1068.0,0.56,1024.0,514.0,63.22,55.08,80.13,64.94,50.75,-0.4,22.91,80.86,62.61,57.12,76.81
10,11,[BOOM_4B_v1](https://huggingface.co/ICT-TIME-and-Querit/BOOM_4B_v1),97%,7671.0,4.022,2560.0,32768.0,63.52,54.81,69.25,66.94,52.8,-0.55,25.41,80.92,61.88,62.21,74.4
11,12,[embeddinggemma-300m](https://ai.google.dev/gemma/docs/embeddinggemma/model_card),99%,1155.0,0.308,768.0,2048.0,61.15,54.31,64.4,60.9,51.17,5.61,24.82,81.4,63.25,62.49,74.73
12,13,[GritLM-7B](https://huggingface.co/GritLM/GritLM-7B),99%,13813.0,7.24,4096.0,32768.0,60.92,53.74,70.53,61.83,49.75,3.45,22.77,79.94,63.78,58.31,73.33
13,14,[GritLM-8x7B](https://huggingface.co/GritLM/GritLM-8x7B),99%,89079.0,57.92,32768.0,32768.0,60.49,53.31,68.17,61.55,50.16,2.44,24.43,79.73,62.61,57.54,73.16
14,15,[text-multilingual-embedding-002](https://cloud.google.com/vertex-ai/generative-ai/docs/embeddings/get-text-embeddings),99%,,,768.0,2048.0,62.16,54.25,70.73,64.64,47.84,4.08,22.8,81.14,61.22,59.68,76.11
15,16,[e5-mistral-7b-instruct](https://huggingface.co/intfloat/e5-mistral-7b-instruct),99%,13563.0,7.111,4096.0,32768.0,60.25,53.08,70.58,60.31,50.57,-0.62,22.2,81.12,63.82,55.75,74.02
16,17,[SFR-Embedding-2_R](https://huggingface.co/Salesforce/SFR-Embedding-2_R),96%,13563.0,7.111,4096.0,32768.0,59.8,52.83,68.84,59.01,53.65,-1.8,25.19,78.58,63.04,57.93,71.04
17,18,[voyage-3.5](https://blog.voyageai.com/2025/05/20/voyage-3-5/),100%,,,1024.0,32000.0,58.46,51.91,60.52,58.54,45.87,6.5,21.7,75.97,64.16,64.01,69.97
18,19,[stella_en_1.5B_v5](https://huggingface.co/NovaSearch/stella_en_1.5B_v5),90%,5887.0,1.54,8960.0,131072.0,56.53,49.96,58.56,56.69,49.71,0.21,21.84,78.47,61.37,52.84,69.91
19,20,[bge-m3](https://huggingface.co/BAAI/bge-m3),98%,2167.0,0.568,1024.0,8194.0,59.56,52.18,79.11,60.35,40.88,-3.11,20.1,80.76,62.79,54.6,74.12
20,21,[Solon-embeddings-large-0.1](https://huggingface.co/OrdalieTech/Solon-embeddings-large-0.1),⚠️ NA,2136.0,0.56,1024.0,514.0,,51.9,76.1,60.34,43.86,-3.48,21.4,78.72,61.44,55.69,72.98
21,22,[jina-embeddings-v3](https://huggingface.co/jinaai/jina-embeddings-v3),99%,1092.0,0.572,1024.0,8194.0,58.37,50.66,65.25,58.77,45.65,-1.34,18.38,79.27,57.09,55.76,77.13
22,23,[snowflake-arctic-embed-l-v2.0](https://huggingface.co/Snowflake/snowflake-arctic-embed-l-v2.0),99%,2166.0,0.568,1024.0,8192.0,57.03,49.95,64.08,57.39,42.76,-2.47,18.94,76.71,63.67,58.36,70.11
23,24,[bge-m3-custom-fr](https://huggingface.co/manu/bge-m3-custom-fr),98%,2166.0,0.568,1024.0,8194.0,,50.43,72.16,58.45,40.35,-2.5,19.56,78.51,59.41,53.26,74.69
24,25,[multilingual-e5-base](https://huggingface.co/intfloat/multilingual-e5-base),99%,1061.0,0.278,768.0,514.0,57.02,49.83,69.44,58.21,41.82,-2.65,20.16,77.15,60.18,52.72,71.44
25,26,[Linq-Embed-Mistral](https://huggingface.co/Linq-AI-Research/Linq-Embed-Mistral),99%,13563.0,7.111,4096.0,32768.0,,52.78,70.34,62.03,50.6,0.94,24.77,77.89,64.37,58.51,65.62
26,27,[multilingual-e5-small](https://huggingface.co/intfloat/multilingual-e5-small),99%,449.0,0.118,384.0,512.0,56.36,49.46,69.4,56.97,41.3,-2.45,19.29,77.22,60.43,50.91,72.08
27,28,[SFR-Embedding-Mistral](https://huggingface.co/Salesforce/SFR-Embedding-Mistral),96%,13563.0,7.111,4096.0,32768.0,,52.58,70.0,59.79,51.84,0.16,24.55,77.66,64.19,59.68,65.39
28,29,[Cohere-embed-multilingual-v3.0](https://cohere.com/blog/introducing-embed-v3),⚠️ NA,,,512.0,,,52.23,70.51,62.75,46.96,-1.89,22.74,77.27,64.07,60.54,67.12
29,30,[voyage-3-lite](https://blog.voyageai.com/2024/09/18/voyage-3/),100%,,,512.0,32000.0,,49.47,60.12,57.93,44.82,-1.17,23.97,75.07,60.29,56.04,68.2
30,31,[granite-embedding-278m-multilingual](https://huggingface.co/ibm-granite/granite-embedding-278m-multilingual),96%,530.0,0.278,768.0,512.0,53.74,47.22,58.48,54.09,41.41,-1.77,17.67,75.71,59.89,52.2,67.27
31,32,[USER-bge-m3](https://huggingface.co/deepvk/USER-base),97%,1370.0,0.359,1024.0,8194.0,51.64,45.28,63.38,53.19,40.05,-2.65,18.6,80.58,51.53,43.3,59.53
32,33,[snowflake-arctic-embed-m-v2.0](https://huggingface.co/Snowflake/snowflake-arctic-embed-m-v2.0),99%,1165.0,0.305,768.0,8192.0,,46.89,53.73,54.38,42.24,-3.34,17.04,74.86,61.67,54.83,66.58
33,34,[arabic-english-sts-matryoshka](https://huggingface.co/omarelshehy/arabic-english-sts-matryoshka),⚠️ NA,2136.0,0.56,1024.0,514.0,,45.83,60.89,56.67,40.22,1.38,19.32,83.35,48.31,31.72,70.6
34,35,[voyage-3](https://blog.voyageai.com/2024/09/18/voyage-3/),100%,,,1024.0,32000.0,,50.77,60.03,57.66,44.98,1.35,23.02,76.18,63.36,61.79,68.52
35,36,[paraphrase-multilingual-mpnet-base-v2](https://huggingface.co/sentence-transformers/paraphrase-multilingual-mpnet-base-v2),100%,1061.0,0.278,768.0,512.0,51.98,45.17,52.06,55.06,40.19,-1.14,16.4,81.15,53.37,39.76,69.66
36,37,[LaBSE](https://huggingface.co/sentence-transformers/LaBSE),100%,1796.0,0.471,768.0,512.0,52.07,45.65,76.35,54.6,38.08,-3.0,20.12,75.97,50.2,33.17,65.35
37,38,[stella_en_400M_v5](https://huggingface.co/NovaSearch/stella_en_400M_v5),90%,1660.0,0.435,4096.0,8192.0,48.32,42.11,39.24,49.2,46.2,-0.7,18.22,74.51,46.49,42.58,63.23
38,39,[bilingual-embedding-large](https://huggingface.co/Lajavaness/bilingual-embedding-large),98%,2136.0,0.56,1024.0,514.0,,51.66,73.55,62.26,45.92,-3.04,22.36,77.59,58.98,57.62,69.71
39,40,[gte-Qwen1.5-7B-instruct](https://huggingface.co/Alibaba-NLP/gte-Qwen1.5-7B-instruct),⚠️ NA,29449.0,7.099,4096.0,32768.0,,50.71,60.8,57.75,52.26,5.36,23.45,83.05,58.69,56.85,58.15
40,41,[granite-embedding-107m-multilingual](https://huggingface.co/ibm-granite/granite-embedding-107m-multilingual),96%,204.0,0.107,384.0,512.0,51.81,45.47,54.08,52.57,40.38,-2.96,17.33,75.29,58.48,48.08,65.98
41,42,[NV-Embed-v2](https://huggingface.co/nvidia/NV-Embed-v2),90%,14975.0,7.85,4096.0,32768.0,,48.02,57.84,56.44,40.8,1.04,18.63,75.93,63.82,58.07,59.65
42,43,[e5-large-v2](https://huggingface.co/intfloat/e5-large-v2),100%,1278.0,0.335,1024.0,514.0,46.64,40.32,33.8,49.8,39.79,-0.99,15.85,73.92,48.76,40.06,61.87
43,44,[Cohere-embed-multilingual-light-v3.0](https://cohere.com/blog/introducing-embed-v3),⚠️ NA,,,384.0,512.0,,49.23,65.03,58.23,44.79,-2.45,20.09,73.84,61.98,56.99,64.61
44,45,[Arabic-labse-Matryoshka](https://huggingface.co/Omartificial-Intelligence-Space/Arabic-labse-Matryoshka),⚠️ NA,1796.0,0.471,768.0,512.0,,46.63,70.33,55.08,39.59,-1.77,19.95,80.8,51.59,36.98,67.11
45,46,[jasper_en_vision_language_v1](https://huggingface.co/infgrad/jasper_en_vision_language_v1),90%,3802.0,1.565,8960.0,131072.0,,49.8,60.63,57.75,53.63,0.26,22.66,78.14,59.75,54.37,61.02
46,47,[mxbai-embed-large-v1](https://huggingface.co/mixedbread-ai/mxbai-embed-large-v1),100%,639.0,0.335,1024.0,512.0,45.91,39.45,25.74,49.74,42.49,-1.95,18.1,72.56,47.6,40.3,60.46
47,48,[UAE-Large-V1](https://huggingface.co/WhereIsAI/UAE-Large-V1),100%,1278.0,0.335,1024.0,512.0,,39.45,26.84,49.66,41.87,-2.14,17.17,72.82,48.35,39.74,60.75
48,49,[NV-Embed-v1](https://huggingface.co/nvidia/NV-Embed-v1),90%,14975.0,7.85,4096.0,32768.0,,46.55,48.9,56.19,42.86,3.02,18.95,72.88,64.29,53.16,58.67
49,50,[e5-base-v2](https://huggingface.co/intfloat/e5-base-v2),100%,418.0,0.109,768.0,512.0,45.98,39.33,30.95,49.46,40.1,-3.94,16.06,72.63,47.5,40.49,60.73
50,51,[paraphrase-multilingual-MiniLM-L12-v2](https://huggingface.co/sentence-transformers/paraphrase-multilingual-MiniLM-L12-v2),100%,449.0,0.118,384.0,512.0,48.73,42.37,44.56,51.66,38.33,-1.31,14.93,78.99,50.97,36.61,66.58
51,52,[bilingual-embedding-base](https://huggingface.co/Lajavaness/bilingual-embedding-base),98%,1061.0,0.278,768.0,514.0,,49.41,69.98,58.82,44.59,-3.84,20.68,74.51,57.2,55.67,67.09
52,53,[bge-large-en-v1.5](https://huggingface.co/BAAI/bge-large-en-v1.5),99%,1242.0,0.335,1024.0,512.0,45.08,39.06,26.65,48.02,41.42,-2.29,17.67,72.04,48.84,39.0,60.14
53,54,[Arabic-all-nli-triplet-Matryoshka](https://huggingface.co/Omartificial-Intelligence-Space/Arabic-all-nli-triplet-Matryoshka),100%,1061.0,0.278,768.0,514.0,,44.56,55.9,54.64,38.25,-1.05,14.99,81.16,54.27,38.47,64.41
54,55,[mmlw-e5-large](https://huggingface.co/sdadas/mmlw-e5-large),99%,2136.0,0.56,1024.0,514.0,,37.95,26.86,51.99,42.92,-3.39,17.08,73.41,39.82,33.33,59.49
55,56,[STS-multilingual-mpnet-base-v2](https://huggingface.co/Gameselo/STS-multilingual-mpnet-base-v2),83%,1061.0,0.278,768.0,514.0,,43.52,47.63,51.02,32.38,-1.96,16.63,78.71,50.01,34.66,82.58
56,57,[potion-multilingual-128M](https://huggingface.co/minishlab/potion-multilingual-128M),97%,489.0,0.128,256.0,,47.23,40.27,40.72,52.36,37.63,-2.08,15.95,71.39,47.39,37.86,61.23
57,58,[gte-Qwen2-1.5B-instruct](https://huggingface.co/Alibaba-NLP/gte-Qwen2-1.5B-instruct),⚠️ NA,6776.0,1.543,8960.0,32768.0,,49.96,62.51,56.47,50.74,0.74,24.02,77.88,58.64,59.52,59.09
58,59,[bilingual-embedding-small](https://huggingface.co/Lajavaness/bilingual-embedding-small),98%,449.0,0.118,384.0,512.0,,48.46,69.48,57.45,43.13,-3.36,19.17,74.09,57.49,51.68,66.96
59,60,[static-similarity-mrl-multilingual-v1](https://huggingface.co/sentence-transformers/static-similarity-mrl-multilingual-v1),99%,413.0,0.108,1024.0,,47.24,41.38,50.62,48.6,30.67,-1.24,14.74,74.34,49.45,41.21,64.02
60,61,[nomic-embed-text-v1.5](https://huggingface.co/nomic-ai/nomic-embed-text-v1.5),96%,522.0,0.137,768.0,8192.0,44.1,37.84,27.09,48.51,39.74,-1.85,16.79,71.9,44.84,34.09,59.45
61,62,[bge-base-en-v1.5](https://huggingface.co/BAAI/bge-base-en-v1.5),99%,390.0,0.109,768.0,512.0,44.52,38.14,23.67,47.99,41.41,-3.98,16.37,71.69,47.57,38.61,59.97
62,63,[e5-small-v2](https://huggingface.co/intfloat/e5-small-v2),100%,127.0,0.033,384.0,512.0,44.47,37.97,28.04,48.07,37.53,-2.85,15.14,72.13,44.44,39.38,59.87
63,64,[mmlw-e5-base](https://huggingface.co/sdadas/mmlw-e5-base),99%,1061.0,0.278,768.0,514.0,,36.38,23.55,52.39,42.16,-3.32,16.01,72.39,36.07,30.79,57.37
64,65,[granite-embedding-125m-english](https://huggingface.co/ibm-granite/granite-embedding-125m-english),96%,238.0,0.125,768.0,512.0,44.04,38.09,26.56,46.98,40.38,-1.29,16.84,70.97,45.99,39.26,57.08
65,66,[Arabic-MiniLM-L12-v2-all-nli-triplet](https://huggingface.co/Omartificial-Intelligence-Space/Arabic-MiniLM-L12-v2-all-nli-triplet),100%,449.0,0.118,384.0,512.0,,42.33,48.68,53.1,37.63,-1.19,14.91,79.57,51.13,35.06,62.08
66,67,[bge-small-en-v1.5](https://huggingface.co/BAAI/bge-small-en-v1.5),99%,127.0,0.033,512.0,512.0,43.76,37.72,23.63,47.37,39.93,-1.86,17.01,71.56,45.89,36.26,59.73
67,68,[mmlw-roberta-large](https://huggingface.co/sdadas/mmlw-roberta-large),100%,1659.0,0.435,1024.0,514.0,,35.65,25.25,47.86,41.06,-3.58,16.8,73.86,35.94,31.75,51.93
68,69,[sentence_croissant_alpha_v0.3](https://huggingface.co/manu/sentence_croissant_alpha_v0.3),97%,2441.0,1.28,2048.0,2048.0,,39.13,31.88,48.97,38.86,-1.19,15.65,72.97,48.08,37.27,59.68
69,70,[sentence_croissant_alpha_v0.2](https://huggingface.co/manu/sentence_croissant_alpha_v0.2),97%,2441.0,1.28,2048.0,2048.0,,38.91,32.22,49.33,39.81,-0.35,15.32,72.25,47.67,36.48,57.48
70,71,[sentence_croissant_alpha_v0.4](https://huggingface.co/manu/sentence_croissant_alpha_v0.4),97%,2441.0,1.28,2048.0,2048.0,,39.02,30.26,48.65,39.77,-0.08,16.06,72.54,47.89,38.35,57.75
71,72,[mmlw-e5-small](https://huggingface.co/sdadas/mmlw-e5-small),99%,449.0,0.118,384.0,512.0,,35.57,21.19,50.68,40.94,-4.4,16.59,73.71,34.88,31.05,55.46
72,73,[voyage-multilingual-2](https://blog.voyageai.com/2024/06/10/voyage-multilingual-2-multilingual-embedding-model/),100%,,,1024.0,32000.0,,,64.5,59.12,43.86,,23.66,75.8,76.68,54.35,68.58
73,74,[Cohere-embed-english-v3.0](https://cohere.com/blog/introducing-embed-v3),⚠️ NA,,,1024.0,512.0,,39.39,31.39,49.78,42.32,-0.17,17.19,70.22,50.68,43.57,49.5
74,75,[LaBSE-ru-turbo](https://huggingface.co/sergeyzh/LaBSE-ru-turbo),100%,490.0,0.129,768.0,512.0,44.19,38.75,53.59,46.78,36.33,-3.52,17.9,74.25,42.81,28.51,52.06
75,76,[KaLM-embedding-multilingual-mini-v1](https://huggingface.co/HIT-TMG/KaLM-embedding-multilingual-mini-v1),92%,1885.0,0.494,896.0,512.0,,46.57,64.77,56.4,44.64,-1.5,15.3,75.45,51.07,52.68,60.32
76,77,[mmlw-roberta-base](https://huggingface.co/sdadas/mmlw-roberta-base),100%,475.0,0.124,768.0,514.0,,34.66,23.4,47.01,40.17,-3.44,15.03,73.24,34.44,30.39,51.69
77,78,[LaBSE-en-ru](https://huggingface.co/cointegrated/LaBSE-en-ru),100%,492.0,0.129,768.0,512.0,42.83,37.77,59.29,45.54,35.29,-3.69,18.81,72.27,40.87,24.79,46.77
78,79,[gemma-2b-embeddings](https://huggingface.co/Jaume/gemma-2b-embeddings),100%,9560.0,2.506,2048.0,8192.0,37.27,29.58,4.23,54.57,39.15,0.74,16.21,67.8,33.66,13.05,36.78
79,80,[snowflake-arctic-embed-m-v1.5](https://huggingface.co/Snowflake/snowflake-arctic-embed-m-v1.5),100%,415.0,0.109,768.0,512.0,41.99,35.56,20.11,46.99,37.53,-3.42,15.78,70.47,42.37,38.69,51.51
80,81,[KaLM-embedding-multilingual-mini-instruct-v1](https://huggingface.co/HIT-TMG/KaLM-embedding-multilingual-mini-instruct-v1),92%,1885.0,0.494,896.0,512.0,,45.37,64.22,55.6,44.55,-2.6,16.2,75.53,46.37,48.27,60.24
81,82,[granite-embedding-30m-english](https://huggingface.co/ibm-granite/granite-embedding-30m-english),96%,58.0,0.03,384.0,512.0,42.48,36.3,25.26,46.28,38.27,-2.75,15.39,70.26,42.53,36.43,55.06
82,83,[speed-embedding-7b-instruct](https://huggingface.co/Haon-Chen/speed-embedding-7b-instruct),⚠️ NA,13563.0,7.111,,32768.0,,37.6,19.54,57.05,41.71,-0.09,21.81,71.08,48.85,29.93,48.52
83,84,[USER-base](https://huggingface.co/deepvk/USER-base),98%,473.0,0.427,768.0,512.0,42.18,36.95,44.81,45.67,32.97,-1.96,17.55,74.07,40.97,27.22,51.24
84,85,[nomic-embed-text-v1-ablated](https://huggingface.co/nomic-ai/nomic-embed-text-v1-ablated),96%,,0.137,768.0,8192.0,,36.86,28.6,48.71,40.42,-3.75,17.36,67.94,45.04,38.51,48.91
85,86,[all-MiniLM-L6-v2](https://huggingface.co/sentence-transformers/all-MiniLM-L6-v2),100%,87.0,0.023,384.0,256.0,41.39,35.12,20.09,46.2,37.47,-2.84,15.05,71.23,40.28,32.51,56.08
86,87,[nomic-embed-text-v1](https://huggingface.co/nomic-ai/nomic-embed-text-v1),96%,522.0,0.137,768.0,8192.0,,36.67,28.37,48.86,40.81,-3.25,17.8,67.56,46.01,34.62,49.29
87,88,[Euler-Legal-Embedding-V1](https://huggingface.co/Mira190/Euler-Legal-Embedding-V1),99%,15618.0,7.567,4096.0,1536.0,,58.82,82.44,63.52,47.78,7.4,22.15,83.56,79.86,63.33,79.3
88,89,[gte-micro-v4](https://huggingface.co/Mihaiii/gte-micro-v4),⚠️ NA,73.0,0.019,384.0,512.0,,34.16,20.46,47.54,35.89,-3.83,14.69,67.65,37.48,30.54,57.01
89,90,[voyage-large-2-instruct](https://blog.voyageai.com/2024/05/05/voyage-large-2-instruct-instruction-tuned-and-rank-1-on-mteb/),100%,,,1024.0,16000.0,,,46.84,57.71,44.36,,23.03,77.82,69.76,54.12,70.13
90,91,[GIST-large-Embedding-v0](https://huggingface.co/avsolatorio/GIST-large-Embedding-v0),96%,1278.0,0.335,1024.0,512.0,,36.83,25.64,47.61,42.39,-1.81,17.54,68.07,47.08,38.05,46.89
91,92,[text2vec-base-multilingual](https://huggingface.co/shibing624/text2vec-base-chinese-paraphrase),100%,449.0,0.118,384.0,256.0,,38.04,39.5,49.45,35.33,-3.97,14.22,76.32,46.33,26.99,58.16
92,93,[e5-large](https://huggingface.co/intfloat/e5-large),100%,1278.0,0.335,1024.0,512.0,,36.69,30.56,47.63,40.62,-2.33,16.31,69.61,44.19,36.35,47.29
93,94,[Cohere-embed-english-light-v3.0](https://cohere.com/blog/introducing-embed-v3),⚠️ NA,,,384.0,512.0,,37.08,26.1,48.32,40.4,-1.39,16.42,67.72,48.03,40.25,47.85
94,95,[nomic-embed-text-v1-unsupervised](https://huggingface.co/nomic-ai/nomic-embed-text-v1-unsupervised),96%,,0.137,768.0,8192.0,,36.87,27.41,48.43,39.1,-2.15,16.38,67.49,48.18,39.65,47.33
95,96,[slx-v0.1](https://huggingface.co/brahmairesearch/slx-v0.1),⚠️ NA,87.0,0.023,384.0,512.0,,35.05,20.09,46.18,37.89,-2.84,15.05,71.23,40.28,31.48,56.08
96,97,[gte-large](https://huggingface.co/thenlper/gte-large),⚠️ NA,639.0,0.335,1024.0,512.0,,36.75,26.23,47.07,41.39,-1.29,17.91,67.54,48.87,35.82,47.18
97,98,[e5-base-4k](https://huggingface.co/dwzhu/e5-base-4k),100%,,0.112,,4096.0,,35.53,27.86,49.65,38.09,-2.92,15.71,69.01,42.47,35.28,44.61
98,99,[ru-en-RoSBERTa](https://huggingface.co/ai-forever/ru-en-RoSBERTa),98%,1540.0,0.404,1024.0,512.0,,34.47,22.34,46.78,35.92,-3.53,10.02,72.53,40.52,32.68,52.97
99,100,[embedder-100p](https://huggingface.co/deepfile/embedder-100p),⚠️ NA,1061.0,0.278,768.0,514.0,,35.03,26.73,50.18,41.72,-2.76,15.5,69.83,38.13,31.89,44.09
100,101,[stella-base-en-v2](https://huggingface.co/infgrad/stella-base-en-v2),⚠️ NA,,0.109,,512.0,,35.34,25.09,48.06,41.51,-3.27,15.82,67.47,43.86,32.73,46.81
101,102,[NoInstruct-small-Embedding-v0](https://huggingface.co/avsolatorio/NoInstruct-small-Embedding-v0),⚠️ NA,127.0,0.033,384.0,512.0,,35.44,23.12,48.73,40.87,-2.53,16.9,67.48,43.59,34.73,46.03
102,103,[GIST-Embedding-v0](https://huggingface.co/avsolatorio/GIST-Embedding-v0),96%,418.0,0.109,768.0,512.0,,36.04,25.88,47.3,42.26,-3.35,16.71,67.41,45.64,35.76,46.72
103,104,[German_Semantic_STS_V2](https://huggingface.co/aari1995/German_Semantic_STS_V2),⚠️ NA,1281.0,0.336,1024.0,512.0,,32.18,22.88,44.16,33.23,-2.51,15.67,71.67,31.65,21.8,51.05
104,105,[e5-base](https://huggingface.co/intfloat/e5-base),100%,418.0,0.109,768.0,512.0,,35.37,29.55,47.14,38.69,-3.49,16.14,67.68,41.49,35.22,45.95
105,106,[MedEmbed-small-v0.1](https://huggingface.co/abhinand/MedEmbed-small-v0.1),97%,127.0,0.033,384.0,512.0,,35.33,22.96,46.9,40.23,-1.68,16.74,67.05,45.01,34.44,46.29
106,107,[GIST-small-Embedding-v0](https://huggingface.co/avsolatorio/GIST-small-Embedding-v0),96%,127.0,0.033,384.0,512.0,,35.11,23.36,46.97,40.47,-2.75,16.79,67.29,43.25,34.66,45.98
107,108,[gte-base](https://huggingface.co/thenlper/gte-base),⚠️ NA,209.0,0.109,768.0,512.0,,35.71,25.3,46.61,41.45,-2.45,16.15,67.09,46.94,33.09,47.24
108,109,[rubert-tiny-turbo](https://huggingface.co/sergeyzh/rubert-tiny-turbo),99%,111.0,0.029,312.0,2048.0,38.77,34.27,42.63,41.8,29.26,-2.28,15.89,73.2,38.92,21.26,47.79
109,110,[gte-small](https://huggingface.co/thenlper/gte-small),⚠️ NA,64.0,0.033,384.0,512.0,,35.48,23.94,46.73,40.28,-1.57,16.27,67.25,45.77,33.63,47.07
110,111,[gte-micro](https://huggingface.co/Mihaiii/gte-micro),⚠️ NA,66.0,0.017,384.0,512.0,,32.7,19.37,44.84,34.48,-1.8,13.49,67.43,35.22,26.16,55.08
111,112,[rubert-base-cased-sentence](https://huggingface.co/DeepPavlov/rubert-base-cased-sentence),100%,408.0,0.107,768.0,512.0,34.37,29.3,16.49,43.38,29.97,0.26,13.7,70.45,35.13,9.16,45.19
112,113,[e5-small](https://huggingface.co/intfloat/e5-small),100%,127.0,0.033,384.0,512.0,,34.63,28.07,45.94,36.3,-1.45,15.22,69.05,39.3,34.17,45.09
113,114,[LLM2Vec-Mistral-7B-Instruct-v2-mntp-supervised](https://huggingface.co/McGill-NLP/LLM2Vec-Mistral-7B-Instruct-v2-mntp-supervised),98%,27126.0,7.153,4096.0,32768.0,,,,56.95,41.26,-0.85,39.28,73.49,55.46,41.18,53.91
114,115,[rubert-tiny2](https://huggingface.co/cointegrated/rubert-tiny2),99%,112.0,0.029,312.0,2048.0,34.81,30.2,22.65,41.17,29.16,-0.09,15.27,69.6,34.58,14.35,45.13
115,116,[Ivysaur](https://huggingface.co/Mihaiii/Ivysaur),⚠️ NA,87.0,0.023,384.0,512.0,,34.7,22.85,48.03,37.56,-2.22,15.63,67.4,44.07,32.33,46.64
116,117,[snowflake-arctic-embed-l](https://huggingface.co/Snowflake/snowflake-arctic-embed-l),100%,1274.0,0.335,1024.0,512.0,,34.35,22.56,46.69,35.95,-1.49,16.02,67.47,44.27,36.84,40.86
117,118,[rubert-tiny](https://huggingface.co/cointegrated/rubert-tiny),99%,45.0,0.012,312.0,512.0,33.85,28.37,17.08,43.85,28.74,-0.89,13.86,67.0,33.18,12.09,40.44
118,119,[rubert-base-cased](https://huggingface.co/DeepPavlov/rubert-base-cased),98%,4883.0,1.28,768.0,512.0,32.0,26.37,14.44,44.87,30.02,0.8,12.83,62.58,32.43,7.97,31.37
119,120,[GIST-all-MiniLM-L6-v2](https://huggingface.co/avsolatorio/GIST-all-MiniLM-L6-v2),96%,87.0,0.023,384.0,512.0,,33.99,22.75,45.86,38.34,-1.94,15.05,67.18,41.45,31.68,45.51
120,121,[sgpt-bloom-7b1-msmarco](https://huggingface.co/bigscience/sgpt-bloom-7b1-msmarco),⚠️ NA,,7.068,4096.0,,,34.66,29.9,52.48,31.79,-3.02,13.26,68.38,43.5,32.5,43.18
121,122,[distilrubert-small-cased-conversational](https://huggingface.co/DeepPavlov/distilrubert-small-cased-conversational),100%,408.0,0.107,768.0,512.0,32.5,27.03,15.53,43.81,25.95,-0.61,13.11,64.46,33.51,11.29,36.2
122,123,[snowflake-arctic-embed-m](https://huggingface.co/Snowflake/snowflake-arctic-embed-m),100%,415.0,0.109,768.0,512.0,,33.66,22.04,46.47,35.25,-2.34,14.85,66.64,42.76,36.71,40.54
123,124,[silma-embeddding-matryoshka-v0.1](https://huggingface.co/silma-ai/silma-embeddding-matryoshka-v0.1),⚠️ NA,516.0,0.135,768.0,512.0,,29.16,21.72,41.31,27.3,0.57,13.07,69.42,30.72,15.75,42.55
124,125,[Bulbasaur](https://huggingface.co/Mihaiii/Bulbasaur),⚠️ NA,66.0,0.017,384.0,512.0,,32.62,20.45,47.39,35.06,-3.22,14.37,67.91,39.06,28.67,43.91
125,126,[deberta-v1-base](https://huggingface.co/deepvk/deberta-v1-base),98%,473.0,0.124,768.0,512.0,31.83,25.71,13.07,45.37,27.01,-2.37,12.65,65.19,29.56,5.54,35.38
126,127,[snowflake-arctic-embed-s](https://huggingface.co/Snowflake/snowflake-arctic-embed-s),100%,127.0,0.033,384.0,512.0,,33.51,22.78,45.95,33.81,-3.09,14.84,67.38,40.03,37.29,42.56
127,128,[snowflake-arctic-embed-m-long](https://huggingface.co/Snowflake/snowflake-arctic-embed-m-long),96%,522.0,0.137,768.0,2048.0,,34.04,22.76,45.85,35.78,-1.89,16.32,67.61,41.66,36.32,41.97
128,129,[Wartortle](https://huggingface.co/Mihaiii/Wartortle),99%,66.0,0.017,384.0,512.0,,32.38,19.75,46.11,34.59,-1.54,14.01,67.64,39.59,27.13,44.12
129,130,[sbert_large_mt_nlu_ru](https://huggingface.co/ai-forever/sbert_large_mt_nlu_ru),100%,1629.0,0.427,1024.0,512.0,31.21,26.56,13.89,40.91,27.07,-0.48,13.71,65.22,34.6,8.47,35.7
130,131,[Venusaur](https://huggingface.co/Mihaiii/Venusaur),⚠️ NA,60.0,0.016,384.0,512.0,,31.54,19.16,47.26,32.15,-1.47,13.52,67.91,38.31,25.8,41.25
131,132,[sbert_large_nlu_ru](https://huggingface.co/ai-forever/sbert_large_nlu_ru),100%,1629.0,0.427,1024.0,512.0,30.05,25.39,13.22,40.66,27.55,0.56,13.7,62.84,32.13,7.8,30.07
132,133,[Arabic-mpnet-base-all-nli-triplet](https://huggingface.co/Omartificial-Intelligence-Space/Arabic-mpnet-base-all-nli-triplet),100%,418.0,0.109,768.0,514.0,,28.36,15.13,44.37,27.4,-2.84,12.31,70.72,35.84,13.12,39.21
133,134,[Squirtle](https://huggingface.co/Mihaiii/Squirtle),99%,60.0,0.016,384.0,512.0,,31.44,18.08,45.45,33.66,-1.67,13.82,67.48,39.17,24.45,42.54
134,135,[Arabert-all-nli-triplet-Matryoshka](https://huggingface.co/Omartificial-Intelligence-Space/Arabert-all-nli-triplet-Matryoshka),100%,516.0,0.135,768.0,512.0,,26.93,19.05,40.86,26.42,1.07,12.11,68.76,30.14,12.74,31.18
135,136,[LLM2Vec-Mistral-7B-Instruct-v2-mntp-unsup-simcse](https://huggingface.co/McGill-NLP/LLM2Vec-Mistral-7B-Instruct-v2-mntp-unsup-simcse),100%,27126.0,7.153,4096.0,32768.0,,,,54.29,38.21,-1.09,36.46,69.17,44.12,28.55,43.11
136,137,[snowflake-arctic-embed-xs](https://huggingface.co/Snowflake/snowflake-arctic-embed-xs),100%,86.0,0.023,384.0,512.0,,32.01,20.12,44.76,32.27,-2.36,13.35,66.86,39.69,32.28,41.1
137,138,[potion-base-8M](https://huggingface.co/minishlab/potion-base-8M),99%,29.0,0.008,256.0,,,30.97,16.11,43.92,32.39,0.24,11.63,67.72,39.08,27.68,39.97
138,139,[Marbert-all-nli-triplet-Matryoshka](https://huggingface.co/Omartificial-Intelligence-Space/Marbert-all-nli-triplet-Matryoshka),100%,621.0,0.163,768.0,512.0,,25.4,14.54,41.88,25.58,-0.17,11.67,68.65,28.05,9.19,29.25
139,140,[cai-lunaris-text-embeddings](https://huggingface.co/consciousAI/cai-lunaris-text-embeddings),⚠️ NA,,0.335,1024.0,512.0,,28.99,13.63,43.17,31.7,-1.46,12.65,69.98,34.38,22.68,34.17
140,141,[M2V_base_glove_subword](https://huggingface.co/minishlab/M2V_base_glove_subword),99%,391.0,0.103,256.0,,,30.46,14.98,45.04,31.11,0.95,12.13,68.46,38.53,23.65,39.27
141,142,[ternary-weight-embedding](https://huggingface.co/malenia1/ternary-weight-embedding),⚠️ NA,158.0,0.099,1024.0,512.0,,25.0,12.65,38.87,23.89,0.92,12.14,64.88,24.83,6.38,40.48
142,143,[M2V_base_output](https://huggingface.co/minishlab/M2V_base_output),99%,29.0,0.008,256.0,,,29.89,14.51,44.54,29.12,-0.13,11.53,68.42,38.11,23.97,38.98
143,144,[potion-base-4M](https://huggingface.co/minishlab/potion-base-4M),99%,14.0,0.004,128.0,,,30.47,14.59,43.13,32.21,0.61,11.69,67.56,38.54,26.43,39.51
144,145,[M2V_base_glove](https://huggingface.co/minishlab/M2V_base_glove),99%,391.0,0.102,256.0,,,26.98,14.07,41.96,30.25,-0.41,14.04,67.51,27.44,22.91,25.08
145,146,random-encoder-baseline,100%,,,32.0,,18.79,15.92,0.38,30.11,21.2,0.45,11.2,52.78,25.14,1.08,0.92
146,147,[udever-bloom-1b1](https://huggingface.co/izhx/udever-bloom-1b1),100%,,1.065,,,,31.8,19.79,54.71,34.2,-1.1,18.21,68.98,31.23,23.76,36.4
147,148,[potion-base-2M](https://huggingface.co/minishlab/potion-base-2M),99%,7.0,0.002,64.0,,,29.31,12.19,41.67,31.0,0.59,11.53,67.46,37.38,23.37,38.58
148,149,[udever-bloom-7b1](https://huggingface.co/izhx/udever-bloom-7b1),100%,,,,,,31.81,17.22,55.07,33.87,-1.32,16.79,69.32,37.25,23.03,35.08
149,150,[udever-bloom-3b](https://huggingface.co/izhx/udever-bloom-3b),100%,,3.003,,,,29.9,12.23,54.56,33.24,-0.75,18.89,68.91,29.57,19.7,32.71
150,151,[udever-bloom-560m](https://huggingface.co/izhx/udever-bloom-560m),100%,,0.559,,,,25.4,8.99,50.06,27.94,-0.81,14.1,67.91,24.21,10.61,25.57
151,152,[jina-embeddings-v2-base-en](https://huggingface.co/jinaai/jina-embeddings-v2-base-en),100%,262.0,0.137,768.0,8192.0,,19.28,0.9,33.27,21.12,-1.64,10.39,63.26,31.6,4.18,10.47
152,153,[SearchMap_Preview](https://huggingface.co/VPLabs/SearchMap_Preview),⚠️ NA,1660.0,0.435,4096.0,8192.0,,49.44,28.83,69.32,50.19,0.46,4.86,81.31,90.88,48.6,70.49
153,154,[multilingual-e5-large](https://huggingface.co/intfloat/multilingual-e5-large),99%,2136.0,0.56,1024.0,514.0,,51.17,72.99,57.54,38.73,-3.05,14.55,79.15,79.63,66.45,54.5
154,155,[lodestone-base-4096-v1](https://huggingface.co/Hum-Works/lodestone-base-4096-v1),100%,,0.137,768.0,,,,6.26,36.09,21.31,,17.09,66.73,,3.47,26.06
155,156,[all-mpnet-base-v2](https://huggingface.co/sentence-transformers/all-mpnet-base-v2),100%,418.0,0.109,768.0,384.0,,37.86,25.83,44.05,31.9,-3.08,10.87,73.99,71.76,48.35,37.09
156,157,[all-MiniLM-L12-v2](https://huggingface.co/sentence-transformers/all-MiniLM-L12-v2),100%,127.0,0.033,384.0,256.0,,37.54,28.06,44.42,28.26,-0.75,7.57,73.51,71.12,47.02,38.64
157,158,[Jasper-Token-Compression-600M](https://huggingface.co/infgrad/Jasper-Token-Compression-600M),90%,2272.0,0.607,2048.0,32768.0,,,,89.96,61.63,,,93.63,67.54,69.09,88.45
158,159,[Seed1.5-Embedding](https://seed1-5-embedding.github.io/),90%,,,2048.0,32768.0,,,,88.3,63.66,,,92.04,67.33,69.14,87.61
159,160,[QZhou-Embedding](https://huggingface.co/Kingsoft-LLM/QZhou-Embedding),90%,14436.0,7.071,3584.0,8192.0,,,,79.19,61.94,,,95.27,68.01,70.89,90.55
160,161,[Seed1.6-embedding](https://seed1-6-embedding.github.io/),90%,,,2048.0,32768.0,,,,92.5,61.76,,,88.39,67.66,67.24,86.64
161,162,[KaLM-embedding-multilingual-mini-instruct-v2.5](https://huggingface.co/KaLM-Embedding/KaLM-embedding-multilingual-mini-instruct-v2.5),92%,1885.0,0.494,896.0,512.0,,,,90.14,59.34,,,91.38,67.6,62.08,84.15
162,163,[Giga-Embeddings-instruct](https://huggingface.co/ai-sage/Giga-Embeddings-instruct),⚠️ NA,12865.0,3.227,2048.0,4096.0,,,,90.34,60.25,,69.81,86.52,80.51,49.62,82.39
163,164,[voyage-code-3](https://blog.voyageai.com/2024/12/04/voyage-code-3/),100%,,,1024.0,32000.0,,,67.77,56.8,47.9,,,89.69,,89.88,81.47
164,165,[LGAI-Embedding-Preview](https://huggingface.co/annamodels/LGAI-Embedding-Preview),90%,27125.0,7.11,4096.0,32768.0,,,,89.45,61.82,,,92.79,,68.1,86.74
165,166,[text-embedding-005](https://cloud.google.com/vertex-ai/generative-ai/docs/embeddings/get-text-embeddings),99%,,,768.0,2048.0,,,,82.06,56.37,,,91.97,,54.55,84.62
166,167,[granite-embedding-english-r2](https://huggingface.co/ibm-granite/granite-embedding-english-r2),96%,284.0,0.149,768.0,8192.0,,,,66.03,50.8,,,88.98,,53.69,77.06
167,168,[inf-retriever-v1](https://huggingface.co/infly/inf-retriever-v1),96%,13483.0,7.069,3584.0,32768.0,,,,,,2.63,,,,66.48,
168,169,[text-embedding-004](https://cloud.google.com/vertex-ai/generative-ai/docs/embeddings/get-text-embeddings),99%,,,768.0,2048.0,,,,81.59,56.0,,,91.95,,50.68,84.27
169,170,[Yuan-embedding-2.0-en](https://huggingface.co/IEITYuan/Yuan-embedding-2.0-en),99%,2272.0,0.596,1024.0,2048.0,,,,83.32,55.39,,,88.37,,75.78,84.81
170,171,[F2LLM-4B](https://huggingface.co/codefuse-ai/F2LLM-4B),90%,7672.0,4.022,2560.0,8192.0,,,,91.12,73.02,,,88.48,,49.76,83.78
171,172,[voyage-law-2](https://blog.voyageai.com/2024/04/15/domain-specific-embeddings-and-retrieval-legal-edition-voyage-law-2/),100%,,,1024.0,16000.0,,,64.06,57.27,48.32,,,90.38,,83.63,82.55
172,173,[F2LLM-1.7B](https://huggingface.co/codefuse-ai/F2LLM-1.7B),90%,3282.0,1.721,2560.0,8192.0,,,,90.14,68.49,,,89.98,,49.24,83.41
173,174,[voyage-finance-2](https://blog.voyageai.com/2024/06/03/domain-specific-embeddings-finance-edition-voyage-finance-2/),100%,,,1024.0,32000.0,,,68.06,58.92,47.47,,,82.52,,88.52,76.07
174,175,[granite-embedding-small-english-r2](https://huggingface.co/ibm-granite/granite-embedding-small-english-r2),96%,91.0,0.048,384.0,8192.0,,,,62.74,50.15,,,88.85,,50.49,75.35
175,176,[mdbr-leaf-mt](https://huggingface.co/MongoDB/mdbr-leaf-mt),100%,86.0,0.023,1024.0,512.0,,,,69.9,50.33,,,91.01,,47.35,82.67
176,177,[F2LLM-0.6B](https://huggingface.co/codefuse-ai/F2LLM-0.6B),90%,1137.0,0.596,1024.0,8192.0,,,,90.53,65.02,,,89.13,,46.64,82.33
177,178,[voyage-3-large](https://blog.voyageai.com/2025/01/07/voyage-3-large/),100%,,,1024.0,32000.0,,,,,,4.0,,,,66.02,
178,179,[voyage-code-2](https://blog.voyageai.com/2024/01/23/voyage-code-2-elevate-your-code-retrieval/),100%,,,1536.0,16000.0,,,59.94,55.96,48.21,,,89.05,,74.83,81.7
179,180,[inf-retriever-v1-1.5b](https://huggingface.co/infly/inf-retriever-v1-1.5b),96%,2944.0,1.543,1536.0,32768.0,,,,,,0.09,,,,62.96,
180,181,[voyage-2](https://blog.voyageai.com/2023/10/29/voyage-embeddings/),100%,,,1024.0,4000.0,,,54.55,54.36,47.89,,,89.42,,59.47,78.38
181,182,[voyage-3-m-exp](https://huggingface.co/voyageai/voyage-3-m-exp),90%,,6.918,2048.0,32000.0,,,,95.1,49.43,,,89.6,,69.02,83.49
182,183,[GeoEmbedding](https://huggingface.co/GeoGPT-Research-Project/GeoEmbedding),92%,27625.0,7.111,4096.0,32768.0,,,,89.02,55.27,,,89.79,,59.09,80.14
183,184,[Tarka-Embedding-150M-V1](https://huggingface.co/Tarka-AIR/Tarka-Embedding-150M-V1),99%,576.0,0.156,768.0,2048.0,,,,84.79,56.37,,,87.46,,52.32,81.35
184,185,[voyage-large-2](https://blog.voyageai.com/2023/10/29/voyage-embeddings/),100%,,,1536.0,16000.0,,,54.55,54.03,48.87,,,89.05,,59.47,81.7
185,186,[mini-gte](https://huggingface.co/prdev/mini-gte),100%,253.0,0.066,768.0,512.0,,,,76.14,51.55,,,90.46,,50.65,81.15
186,187,[KaLM-embedding-multilingual-mini-instruct-v2](https://huggingface.co/HIT-TMG/KaLM-embedding-multilingual-mini-instruct-v2),92%,942.0,0.494,896.0,512.0,,,,87.66,,,,91.02,66.69,60.2,81.33
187,188,[static-retrieval-mrl-en-v1](https://huggingface.co/sentence-transformers/static-retrieval-mrl-en-v1),99%,119.0,0.031,1024.0,,,,,63.65,35.93,,,86.7,,31.85,71.44
188,189,[gte-modernbert-base](https://huggingface.co/Alibaba-NLP/gte-modernbert-base),99%,284.0,0.149,768.0,8192.0,,,,78.07,,,,90.37,,65.4,82.15
189,190,[multi-qa-MiniLM-L6-cos-v1](https://huggingface.co/sentence-transformers/multi-qa-MiniLM-L6-cos-v1),100%,87.0,0.023,384.0,512.0,,,,48.07,12.31,,2.4,93.84,75.46,35.4,67.27
190,191,[bangla-sentence-transformer-ft-matryoshka-paraphrase-multilingual-mpnet-base-v2](https://huggingface.co/Kowshik24/bangla-sentence-transformer-ft-matryoshka-paraphrase-multilingual-mpnet-base-v2),100%,1061.0,0.278,768.0,128.0,,,67.99,37.56,37.75,,,,73.5,51.39,39.73
191,192,[Hinvec](https://huggingface.co/Sailesh97/Hinvec),96%,3715.0,0.94,2048.0,2048.0,,,54.8,62.1,15.75,,,64.48,53.36,19.47,6.98
192,193,[b1ade-embed](https://huggingface.co/w601sxs/b1ade-embed),99%,1278.0,0.335,1024.0,4096.0,,,32.02,75.91,50.17,,,,,62.74,
193,194,[text-embedding-3-small](https://openai.com/index/new-embedding-models-and-api-updates/),⚠️ NA,,,1536.0,8191.0,,,66.86,55.03,36.22,,,,80.94,50.45,
194,195,[voyage-3.5 (output_dtype=int8)](https://blog.voyageai.com/2025/05/20/voyage-3-5/),100%,,,1024.0,32000.0,,,67.55,52.95,36.45,,,,,64.01,
195,196,[voyage-3.5 (output_dtype=binary)](https://blog.voyageai.com/2025/05/20/voyage-3-5/),100%,,,1024.0,32000.0,,,63.81,51.14,35.7,,,,,58.65,
196,197,[text-embedding-3-large](https://openai.com/index/new-embedding-models-and-api-updates/),⚠️ NA,,,3072.0,8191.0,,,68.78,59.84,37.21,,,,,62.17,
197,198,[gte-multilingual-base](https://huggingface.co/Alibaba-NLP/gte-multilingual-base),99%,582.0,0.305,768.0,8192.0,,,,60.09,24.11,,0.72,,82.37,68.92,
198,199,[text-embedding-3-large (embed_dim=512)](https://openai.com/index/new-embedding-models-and-api-updates/),⚠️ NA,,,512.0,8191.0,,,66.3,58.35,34.79,,,,,82.94,
199,200,[cadet-embed-base-v1](https://huggingface.co/manveertamber/cadet-embed-base-v1),97%,418.0,0.109,768.0,512.0,,,,,,,,,,61.91,
200,201,[nb-sbert-base](https://huggingface.co/NbAiLab/nb-sbert-base),100%,678.0,0.178,4096.0,75.0,,,72.03,56.03,30.68,,,,,45.98,
201,202,[text-embedding-3-small (embed_dim=512)](https://openai.com/index/new-embedding-models-and-api-updates/),⚠️ NA,,,512.0,8191.0,,,65.38,54.15,34.42,,,,,68.97,
202,203,[e5-large-trm-nl](https://huggingface.co/clips/e5-large-trm-nl),99%,1355.0,0.355,1024.0,514.0,,,,65.15,43.62,,6.5,,87.18,90.94,
203,204,[mmBERTscandi-base-embedding](https://huggingface.co/emillykkejensen/Qwen3-Embedding-Scandi-0.6B),100%,1171.0,0.307,768.0,8192.0,,,55.2,61.57,37.62,,,,,47.61,
204,205,[e5-base-trm-nl](https://huggingface.co/clips/e5-base-trm-nl),99%,237.0,0.124,768.0,514.0,,,,60.4,41.21,,5.19,,87.38,91.43,
205,206,[EmbeddingGemma-Scandi-300m](https://huggingface.co/emillykkejensen/EmbeddingGemma-Scandi-300m),99%,578.0,0.308,768.0,2048.0,,,61.6,56.44,35.64,,,,,48.62,
206,207,[Qwen3-Embedding-Scandi-0.6B](https://huggingface.co/emillykkejensen/Qwen3-Embedding-Scandi-0.6B),99%,2272.0,0.596,1024.0,32768.0,,,56.89,57.41,36.59,,,,,39.51,
207,208,[voyage-multimodal-3](https://huggingface.co/voyageai/voyage-multimodal-3),100%,,,1024.0,32768.0,,,65.52,51.37,31.77,,,,,74.32,
208,209,[e5-small-trm-nl](https://huggingface.co/clips/e5-small-trm-nl),99%,78.0,0.041,384.0,512.0,,,,58.55,38.87,,5.04,,87.09,90.56,
209,210,[jina-reranker-v3](https://huggingface.co/jinaai/jina-reranker-v3),97%,1138.0,0.597,,131072.0,,,,,,,,,67.84,,
210,211,[xlm-roberta-base](https://huggingface.co/FacebookAI/xlm-roberta-base),100%,1064.0,0.278,768.0,512.0,,,27.53,57.24,26.85,,,,,19.06,
211,212,[xlm-roberta-large](https://huggingface.co/FacebookAI/xlm-roberta-large),100%,2141.0,0.56,1024.0,512.0,,,19.14,59.49,23.44,,,,,20.66,
212,213,[Querit](https://huggingface.co/Querit/Querit),99%,9383.0,4.92,1024.0,4096.0,,,,,,,,,62.57,,
213,214,[xlm-roberta-ua-distilled](https://github.com/panalexeu/xlm-roberta-ua-distilled/tree/main),100%,1061.0,0.278,768.0,512.0,,,70.51,,40.41,,,,,76.49,
214,215,[dfm-sentence-encoder-large](https://huggingface.co/KennethEnevoldsen/dfm-sentence-encoder-large),100%,1554.0,0.355,1024.0,512.0,,,50.95,53.83,22.74,,,,,42.33,
215,216,[dfm-sentence-encoder-medium](https://huggingface.co/KennethEnevoldsen/dfm-sentence-encoder-medium),100%,475.0,0.124,768.0,512.0,,,62.16,47.79,3.16,,,,,41.54,
216,217,[gtr-t5-large](https://huggingface.co/sentence-transformers/gtr-t5-large),100%,639.0,0.336,768.0,512.0,,,,49.38,26.42,,3.02,,78.34,76.06,
217,218,[sentence-t5-large](https://huggingface.co/sentence-transformers/sentence-t5-large),100%,639.0,0.336,768.0,512.0,,,,49.34,29.94,,2.79,,77.42,68.57,
218,219,[m2v-dfm-large](https://huggingface.co/rasgaard/m2v-dfm-large),100%,87.0,0.023,256.0,,,,38.02,53.64,5.68,,,,,33.45,
219,220,[jina-embedding-b-en-v1](https://huggingface.co/jinaai/jina-embedding-b-en-v1),100%,420.0,0.11,768.0,512.0,,,,44.73,11.76,,3.58,,73.03,58.0,
220,221,[atles-champion-embedding](https://huggingface.co/spartan8806/atles-champion-embedding),99%,420.0,0.109,768.0,512.0,,,,,,,,,,,74.03
221,222,[model2vecdk-stem](https://huggingface.co/andersborges/model2vecdk-stem),100%,185.0,0.049,256.0,,,,40.21,45.06,5.15,,,,,25.56,
222,223,[sentence-t5-base](https://huggingface.co/sentence-transformers/sentence-t5-base),100%,209.0,0.223,768.0,512.0,,,,45.21,23.8,,2.24,,73.28,55.93,
223,224,[model2vecdk](https://huggingface.co/andersborges/model2vecdk),100%,183.0,0.048,256.0,,,,40.57,45.2,4.85,,,,,21.05,
224,225,[MicroLlama-text-embedding](https://huggingface.co/keeeeenw/MicroLlama-text-embedding),100%,1037.0,0.272,1024.0,2048.0,,,,65.93,43.45,,,,,35.44,
225,226,[Solon-embeddings-mini-beta-1.1](https://huggingface.co/OrdalieTech/Solon-embeddings-mini-beta-1.1),100%,808.0,0.212,768.0,8192.0,,,,66.34,43.62,,,65.02,73.52,,
226,227,[bge-m3-unsupervised](https://huggingface.co/BAAI/bge-m3-unsupervised),98%,2167.0,0.568,1024.0,8192.0,,,,66.33,,,,,90.71,55.49,
227,228,[jina-embedding-s-en-v1](https://huggingface.co/jinaai/jina-embedding-s-en-v1),100%,134.0,0.035,512.0,512.0,,,,41.8,6.64,,2.29,,74.06,48.16,
228,229,[FRIDA](https://huggingface.co/ai-forever/FRIDA),83%,3141.0,0.823,1536.0,512.0,,,,79.49,,,64.64,66.45,77.02,,
229,230,[XLMRoberta-en-da-sv-nb](https://huggingface.co/KFST/XLMRoberta-en-da-sv-nb),⚠️ NA,1061.0,0.278,768.0,512.0,,,57.91,48.22,,,,,,,
230,231,[BERTA](https://huggingface.co/sergeyzh/BERTA),83%,489.0,0.128,768.0,512.0,,,,73.96,,,73.01,65.74,75.16,,
231,232,[sarashina-embedding-v2-1b](https://huggingface.co/sbintuitions/sarashina-embedding-v2-1b),100%,4669.0,1.224,1792.0,8192.0,,,,76.03,51.26,,,,,,82.56
232,233,[ruri-large](https://huggingface.co/cl-nagoya/ruri-large),⚠️ NA,644.0,0.337,1024.0,512.0,,,,74.25,42.86,,,,,,82.66
233,233,[bm25s](https://github.com/xhluca/bm25s),⚠️ NA,,,,,,,,,,,,,,34.88,
234,235,[ruri-v3-310m](https://huggingface.co/cl-nagoya/ruri-v3-310m),99%,1200.0,0.315,768.0,8192.0,,,,76.4,49.56,,,,,,77.97
235,236,[ruri-large-v2](https://huggingface.co/cl-nagoya/ruri-large-v2),⚠️ NA,1287.0,0.337,1024.0,512.0,,,,73.75,41.85,,,,,,82.63
236,237,[rubert-mini-frida](https://huggingface.co/sergeyzh/rubert-mini-frida),100%,123.0,0.032,312.0,2048.0,,,,64.66,,,57.04,60.36,71.12,,
237,238,[sarashina-embedding-v1-1b](https://huggingface.co/sbintuitions/sarashina-embedding-v1-1b),100%,4669.0,1.224,1792.0,8192.0,,,,75.39,43.54,,,,,,79.54
238,239,[ruri-base](https://huggingface.co/cl-nagoya/ruri-base),⚠️ NA,212.0,0.111,768.0,512.0,,,,70.44,47.5,,,,,,82.93
239,240,[ruri-v3-130m](https://huggingface.co/cl-nagoya/ruri-v3-130m),99%,504.0,0.132,512.0,8192.0,,,,75.23,47.33,,,,,,73.93
240,241,[ruri-v3-70m](https://huggingface.co/cl-nagoya/ruri-v3-70m),99%,140.0,0.07,256.0,8192.0,,,,73.6,47.85,,,,,,75.85
241,242,[ruri-base-v2](https://huggingface.co/cl-nagoya/ruri-base-v2),⚠️ NA,424.0,0.111,768.0,512.0,,,,70.23,46.9,,,,,,82.76
242,243,[ruri-v3-30m](https://huggingface.co/cl-nagoya/ruri-v3-30m),100%,140.0,0.037,256.0,8192.0,,,,70.02,45.7,,,,,,81.4
243,244,[USER2-base](https://huggingface.co/collections/deepvk/user2-6802650d7210f222ec60e05f),95%,568.0,0.149,768.0,8192.0,,,,69.47,,,44.05,56.38,69.73,,
244,245,[Hakim](https://huggingface.co/MCINext/Hakim),100%,475.0,0.124,768.0,512.0,,,,69.42,,,,,88.92,67.76,
245,246,[Tooka-SBERT-V2-Large](https://huggingface.co/PartAI/Tooka-SBERT-V2-Large),⚠️ NA,1347.0,0.353,1024.0,512.0,,,,67.85,,,,,86.48,67.92,
246,247,[Tooka-SBERT-V2-Small](https://huggingface.co/PartAI/Tooka-SBERT-V2-Small),⚠️ NA,496.0,0.123,768.0,512.0,,,,66.02,,,,,85.25,69.3,
247,248,[mdbr-leaf-ir](https://huggingface.co/MongoDB/mdbr-leaf-ir),100%,86.0,0.023,768.0,512.0,,,,,,,,,,46.67,
248,249,[USER2-small](https://huggingface.co/collections/deepvk/user2-6802650d7210f222ec60e05f),95%,131.0,0.034,384.0,8192.0,,,,66.39,,,39.44,54.02,66.03,,
249,250,[Hakim-unsup](https://huggingface.co/MCINext/Hakim-unsup),100%,475.0,0.124,768.0,512.0,,,,66.99,,,,,82.55,67.67,
250,251,[Hakim-small](https://huggingface.co/MCINext/Hakim-small),100%,148.0,0.039,512.0,512.0,,,,63.95,,,,,86.69,64.99,
251,252,[Tooka-SBERT](https://huggingface.co/PartAI/Tooka-SBERT),⚠️ NA,1347.0,0.353,1024.0,512.0,,,,63.19,,,,,80.71,52.73,
252,253,[QZhou-Embedding-Zh](http://huggingface.co/Kingsoft-LLM/QZhou-Embedding-Zh),100%,29431.0,7.576,1792.0,8192.0,,,,,,,,,68.27,93.46,89.98
253,254,[Yuan-embedding-2.0-zh](https://huggingface.co/IEITYuan/Yuan-embedding-2.0-zh),99%,1242.0,0.327,1792.0,512.0,,,,,,,,,71.14,95.22,83.57
254,255,[Youtu-Embedding](https://huggingface.co/tencent/Youtu-Embedding),99%,,2.673,2048.0,8192.0,,,,,,,,,73.15,91.94,83.18
255,256,[text-embedding-ada-002](https://openai.com/index/new-and-improved-embedding-model/),⚠️ NA,,,1536.0,8191.0,,,66.67,49.38,,,,,,,
256,257,[ritrieve_zh_v1](https://huggingface.co/richinfoai/ritrieve_zh_v1),91%,1242.0,0.326,1792.0,512.0,,,,,,,,,68.47,92.32,81.43
257,258,[fabert](https://huggingface.co/sbunlp/fabert),100%,475.0,0.124,768.0,512.0,,,,54.71,,,,,77.43,38.26,
258,259,[bge-base-zh-v1.5](https://huggingface.co/BAAI/bge-base-zh-v1.5),100%,416.0,0.109,768.0,512.0,,,,49.23,,,,52.23,,13.69,
259,260,[bge-large-zh-v1.5](https://huggingface.co/BAAI/bge-large-zh-v1.5),100%,1278.0,0.335,1024.0,512.0,,,,49.88,,,,52.86,,11.85,
260,261,[bert-base-parsbert-uncased](https://huggingface.co/HooshvareLab/bert-base-parsbert-uncased),100%,621.0,0.163,768.0,512.0,,,,60.13,,,,,73.86,28.08,
261,262,[TookaBERT-Base](https://huggingface.co/PartAI/TookaBERT-Base),100%,469.0,0.123,768.0,512.0,,,,60.32,,,,,73.95,25.67,
262,263,[PawanEmbd-68M](https://huggingface.co/dmedhi/PawanEmbd-68M),96%,260.0,0.068,768.0,512.0,,,,63.19,,,,78.13,,,49.2
263,264,[bert-zwnj-wnli-mean-tokens](https://huggingface.co/m3hrdadfi/bert-zwnj-wnli-mean-tokens),100%,451.0,0.118,768.0,512.0,,,,53.3,,,,,73.28,24.63,
264,265,[opensearch-neural-sparse-encoding-doc-v3-gte](https://huggingface.co/opensearch-project/opensearch-neural-sparse-encoding-doc-v3-gte),100%,549.0,0.137,30522.0,8192.0,,,,,,,,,,47.38,
265,266,[opensearch-neural-sparse-encoding-doc-v3-distill](https://huggingface.co/opensearch-project/opensearch-neural-sparse-encoding-doc-v3-distill),100%,267.0,0.066,30522.0,512.0,,,,,,,,,,46.81,
266,267,[roberta-zwnj-wnli-mean-tokens](https://huggingface.co/m3hrdadfi/roberta-zwnj-wnli-mean-tokens),100%,451.0,0.118,768.0,514.0,,,,52.08,,,,,72.11,22.3,
267,268,[bge-small-zh-v1.5](https://huggingface.co/BAAI/bge-small-zh-v1.5),100%,91.0,0.033,512.0,512.0,,,,46.9,,,,49.13,,10.94,
268,269,[opensearch-neural-sparse-encoding-doc-v2-distill](https://huggingface.co/opensearch-project/opensearch-neural-sparse-encoding-doc-v2-distill),100%,267.0,0.066,30522.0,512.0,,,,,,,,,,45.01,
269,270,[opensearch-neural-sparse-encoding-doc-v2-mini](https://huggingface.co/opensearch-project/opensearch-neural-sparse-encoding-doc-v2-mini),100%,86.0,0.023,30522.0,512.0,,,,,,,,,,44.96,
270,271,[text2vec-base-chinese](https://huggingface.co/shibing624/text2vec-base-chinese),100%,390.0,0.102,768.0,512.0,,,,48.11,,,,50.97,,6.65,
271,272,[sentence-transformer-parsbert-fa](https://huggingface.co/myrkur/sentence-transformer-parsbert-fa),100%,621.0,0.163,768.0,512.0,,,,44.8,,,,,61.47,20.5,
272,273,[MoD-Embedding](https://huggingface.co/bflhc/MoD-Embedding),99%,7671.0,4.022,2560.0,32768.0,,,,,,,,,,78.57,
273,274,[Octen-Embedding-4B](https://huggingface.co/bflhc/Octen-Embedding-4B),99%,7671.0,4.022,2560.0,32768.0,,,,,,,,,,74.64,
274,275,[voyage-4-large (embed_dim=2048)](https://blog.voyageai.com/2026/01/15/voyage-4/),100%,,,2048.0,32000.0,,,,,,,,,,56.72,
275,276,[jina-embeddings-v4](https://huggingface.co/jinaai/jina-embeddings-v4),97%,7500.0,3.935,2048.0,32768.0,,,,,,,,,,56.53,
276,277,[Octen-Embedding-0.6B](https://huggingface.co/bflhc/Octen-Embedding-0.6B),99%,1136.0,0.596,1024.0,32768.0,,,,,,,,,,73.21,
277,278,[voyage-4-large](https://blog.voyageai.com/2026/01/15/voyage-4/),100%,,,1024.0,32000.0,,,,,,,,,,56.08,
278,279,[voyage-4](https://blog.voyageai.com/2026/01/15/voyage-4/),100%,,,1024.0,32000.0,,,,,,,,,,55.24,
279,280,[Cohere-embed-v4.0](https://docs.cohere.com/docs/cohere-embed),⚠️ NA,,,1536.0,128000.0,,,,,,,,,,49.42,
280,281,[Cohere-embed-v4.0 (output_dtype=int8)](https://docs.cohere.com/docs/embeddings),⚠️ NA,,,1536.0,128000.0,,,,,,,,,,49.24,
281,282,[voyage-4-lite](https://blog.voyageai.com/2026/01/15/voyage-4/),100%,,,1024.0,32000.0,,,,,,,,,,52.8,
282,283,[Cohere-embed-v4.0 (output_dtype=binary)](https://docs.cohere.com/docs/embeddings),⚠️ NA,,,1536.0,128000.0,,,,,,,,,,48.19,
283,284,[Dmeta-embedding-zh-small](https://huggingface.co/DMetaSoul/Dmeta-embedding-zh-small/),⚠️ NA,283.0,0.074,768.0,1024.0,,,,48.95,,,,53.68,,,
284,285,[PIXIE-Rune-v1.0](https://huggingface.co/telepix/PIXIE-Rune-v1.0),99%,2166.0,0.568,1024.0,6144.0,,,,,,,,,,43.83,
285,286,[stella-large-zh-v3-1792d](https://huggingface.co/dunzhang/stella-large-zh-v3-1792d),100%,,0.327,1792.0,512.0,,,,52.81,,,,52.41,,,
286,287,[stella-base-zh-v3-1792d](https://huggingface.co/infgrad/stella-base-zh-v3-1792d),100%,,0.104,1792.0,512.0,,,,52.97,,,,51.98,,,
287,288,[m3e-base](https://huggingface.co/moka-ai/m3e-base),99%,390.0,0.102,768.0,512.0,,,,54.67,,,,47.6,,,
288,289,[text2vec-base-chinese-paraphrase](https://huggingface.co/shibing624/text2vec-base-chinese-paraphrase),100%,450.0,0.118,768.0,512.0,,,,46.75,,,,54.05,,,
289,290,[piccolo-base-zh](https://huggingface.co/sensenova/piccolo-base-zh),⚠️ NA,,0.102,768.0,512.0,,,,51.29,,,,51.01,,,
290,291,[gte-base-zh](https://huggingface.co/thenlper/gte-base-zh),⚠️ NA,195.0,0.102,1024.0,512.0,,,,47.89,,,,51.89,,,
291,292,[m3e-large](https://huggingface.co/moka-ai/m3e-large),99%,,0.326,768.0,512.0,,,,49.8,,,,49.88,,,
292,293,[gte-base-en-v1.5](https://huggingface.co/Alibaba-NLP/gte-base-en-v1.5),⚠️ NA,,0.137,768.0,8192.0,,,,,,,,,,21.27,
293,294,[bge-large-en](https://huggingface.co/BAAI/bge-large-en),99%,1242.0,0.335,1024.0,512.0,,,,,,,,,,21.26,
294,295,[gte-small-zh](https://huggingface.co/thenlper/gte-small-zh),⚠️ NA,58.0,0.03,1024.0,512.0,,,,47.0,,,,48.95,,,
295,296,[gte-large-zh](https://huggingface.co/thenlper/gte-large-zh),⚠️ NA,621.0,0.326,1024.0,512.0,,,,44.15,,,,51.74,,,
296,297,[pubmedbert-base-embeddings-2M](https://huggingface.co/NeuML/pubmedbert-base-embeddings-2M),100%,7.0,0.002,64.0,,,,,,35.39,,,,,36.57,
297,298,[m3e-small](https://huggingface.co/moka-ai/m3e-small),99%,,0.024,512.0,512.0,,,,49.32,,,,46.65,,,
298,299,[pubmedbert-base-embeddings-1M](https://huggingface.co/NeuML/pubmedbert-base-embeddings-1M),100%,2.0,0.001,64.0,,,,,,35.07,,,,,37.32,
299,300,[pubmedbert-base-embeddings-8M](https://huggingface.co/NeuML/pubmedbert-base-embeddings-8M),100%,30.0,0.008,256.0,,,,,,34.61,,,,,39.84,
300,301,[sbert-chinese-general-v1](https://huggingface.co/DMetaSoul/sbert-chinese-general-v1),99%,,0.102,128.0,512.0,,,,47.01,,,,46.64,,,
301,302,[bge-base-en](https://huggingface.co/BAAI/bge-base-en),99%,390.0,0.109,768.0,512.0,,,,,,,,,,18.4,
302,303,[pubmedbert-base-embeddings-500K](https://huggingface.co/NeuML/pubmedbert-base-embeddings-500K),100%,2.0,0.001,64.0,,,,,,34.25,,,,,35.37,
303,304,[Arabic-Triplet-Matryoshka-V2](https://huggingface.co/Omartificial-Intelligence-Space/Arabic-Triplet-Matryoshka-V2),100%,516.0,0.135,768.0,768.0,,,,,,,,,,,33.31
304,305,[pubmedbert-base-embeddings-100K](https://huggingface.co/NeuML/pubmedbert-base-embeddings-100K),100%,,0.0,64.0,,,,,,32.9,,,,,17.35,
305,306,[M2V_multilingual_output](https://huggingface.co/minishlab/M2V_multilingual_output),⚠️ NA,489.0,0.128,256.0,,,,,,,,,,,14.16,
306,307,[zpoint_large_embedding_zh](https://huggingface.co/iampanda/zpoint_large_embedding_zh),99%,1242.0,0.326,1792.0,512.0,,,,53.16,,,,,,,
307,308,[Ops-MoA-Yuan-embedding-1.0](https://huggingface.co/OpenSearch-AI/Ops-MoA-Yuan-embedding-1.0),99%,1242.0,0.343,1536.0,512.0,,,,,,,,,,93.2,
308,309,[ListConRanker](https://huggingface.co/ByteDance/ListConRanker),99%,1242.0,0.401,1024.0,512.0,,,,,,,,,69.15,,
309,309,[stella-mrl-large-zh-v3.5-1792d](https://huggingface.co/dunzhang/stella-large-zh-v3-1792d),100%,1242.0,0.326,1792.0,512.0,,,,52.48,,,,,,,
310,311,[Ops-MoA-Conan-embedding-v1](https://huggingface.co/OpenSearch-AI/Ops-MoA-Conan-embedding-v1),99%,1308.0,0.343,1536.0,512.0,,,,,,,,,,92.66,
311,312,[C2LLM-7B](https://huggingface.co/codefuse-ai/C2LLM-7B),99%,14624.0,7.667,3584.0,32768.0,,,,,,,,,,94.85,
312,312,[XYZ-embedding](https://huggingface.co/fangxq/XYZ-embedding),99%,1242.0,0.326,768.0,512.0,,,,,,,,,,90.76,
313,314,[Qodo-Embed-1-7B](https://huggingface.co/Qodo/Qodo-Embed-1-7B),⚠️ NA,29040.0,7.069,3584.0,32768.0,,,,,,,,,,94.0,
314,315,[Qodo-Embed-1-1.5B](https://huggingface.co/Qodo/Qodo-Embed-1-1.5B),⚠️ NA,6776.0,1.543,1536.0,32768.0,,,,,,,,,,91.92,
315,316,[C2LLM-0.5B](https://huggingface.co/codefuse-ai/C2LLM-0.5B),99%,948.0,0.497,896.0,32768.0,,,,,,,,,,89.4,
316,317,[BiCA-base](https://huggingface.co/bisectgroup/BiCA-base),100%,418.0,0.109,768.0,512.0,,,,,,,,,,22.01,
317,318,[english_code_retriever](https://huggingface.co/fyaronskiy/english_code_retriever),100%,568.0,0.149,768.0,8192.0,,,,,,,,,,56.53,
